"","Geoip.City","Geoip.State","ave_finance_range","ave_vacation_budget","ave_age_range","leisure_travel_type_Beach","leisure_travel_type_Sightseeing_Touring","leisure_travel_type_Trekking","leisure_travel_type_Skiing_Golfing_Biking","leisure_travel_type_Other","likelihood","lat","long"
"2","Toronto","Ontario","750","3500","49.5",1,0,0,0,0,"Very likely",43.70011,-79.4163
"3","London","Ontario","2250","3500","39.5",1,1,0,0,1,"Very likely",42.98339,-81.23304
"9","Toronto","Ontario","10000","10000","49.5",0,1,0,0,0,"Very likely",43.70011,-79.4163
"13","Saint-Jean-sur-Richelieu","Quebec","4000","1000","49.5",1,0,0,0,0,"Very likely",45.30713,-73.26259
"20","Leduc","Alberta","2250","1000","39.5",0,0,0,0,1,"Very likely",53.26682,-113.55201
"32","Calgary","Alberta","10000","10000","49.5",1,1,1,0,1,"",51.05011,-114.08529
"38","Cornwall","Prince Edward Island","750","1500","39.5",1,1,1,1,0,"Very likely",45.01809,-74.72815
"39","Pembroke","Ontario","2250","1500","29.5",1,1,0,0,0,"Likely",45.81681,-77.11616
"42","Yorkton","Saskatchewan","7500","3500","29.5",0,1,0,0,1,"Likely",51.2167,-102.46766
"43","Calgary","Alberta","2250","3500","29.5",1,1,0,0,1,"Very likely",51.05011,-114.08529
"49","Toronto","Ontario","750","1500","39.5",1,1,1,1,0,"Likely",43.70011,-79.4163
"51","Fort Saskatchewan","Alberta","4000","1500","69.5",0,1,0,0,0,"Likely",53.71684,-113.2187
"53","Alma","Ontario","4000","1500","39.5",1,1,0,0,1,"Very likely",48.55009,-71.6491
"54","Abbotsford","British Columbia","750","1000","29.5",1,1,0,1,0,"Likely",49.05798,-122.25257
"62","Toronto","Ontario","750","1000","29.5",1,1,0,1,1,"Very likely",43.70011,-79.4163
"63","Montréal-Ouest","Quebec","2250","3500","39.5",1,1,0,0,0,"Likely",45.45286,-73.64918
"67","Halifax","Nova Scotia","750","1500","49.5",0,1,1,0,0,"Very likely",44.64533,-63.57239
"70","Edmonton","Alberta","2250","3500","49.5",1,1,1,1,0,"Very likely",53.55014,-113.46871
"78","London","Ontario","4000","3500","49.5",1,1,0,1,0,"Very likely",42.98339,-81.23304
"83","Toronto","Ontario","2250","1500","69.5",1,1,1,0,0,"Very likely",43.70011,-79.4163
"87","Toronto","Ontario","4000","1500","49.5",1,0,0,0,0,"Likely",43.70011,-79.4163
"91","Sydney","Nova Scotia","750","1000","49.5",0,1,0,0,0,"Likely",46.1351,-60.1831
"93","Winnipeg","Manitoba","NA","1500","49.5",0,1,0,0,0,"Very likely",49.8844,-97.14704
"97","Halifax","Nova Scotia","750","1500","59.5",1,0,0,0,0,"Likely",44.64533,-63.57239
"98","Québec","Quebec","750","1000","29.5",1,1,0,1,0,"Very likely",46.81228,-71.21454
"102","Kingston","Ontario","4000","1500","39.5",0,1,0,0,0,"Likely",44.22976,-76.48098
"107","Trois-Rivières","Quebec","750","1500","39.5",1,1,0,0,0,"Very likely",46.34515,-72.5477
"108","Calgary","Alberta","2250","1500","59.5",1,1,0,0,0,"Likely",51.05011,-114.08529
"121","Winnipeg","Manitoba","4000","3500","59.5",0,0,0,0,0,"Very likely",49.8844,-97.14704
"122","Toronto","Ontario","4000","7500","59.5",1,1,0,0,0,"Likely",43.70011,-79.4163
"126","Ancaster","Ontario","2250","1500","29.5",1,1,0,0,1,"Likely",43.21806,-79.98716
"127","Toronto","Ontario","4000","3500","49.5",0,1,0,0,0,"Likely",43.70011,-79.4163
"128","Brandon","Manitoba","2250","1500","59.5",1,0,0,0,0,"Likely",49.84692,-99.95306
"129","Brampton","Ontario","10000","3500","29.5",1,1,1,0,0,"Likely",43.68341,-79.76633
"130","Edmonton","Alberta","750","1500","75",0,0,0,0,1,"Very likely",53.55014,-113.46871
"132","Edmonton","Alberta","2250","1000","59.5",1,1,1,1,1,"Likely",53.55014,-113.46871
"133","Montréal-Ouest","Quebec","2250","1500","59.5",1,1,0,0,0,"Likely",45.45286,-73.64918
"134","Toronto","Ontario","4000","3500","29.5",1,1,1,1,0,"Likely",43.70011,-79.4163
"135","Montréal-Ouest","Quebec","2250","1000","39.5",1,1,0,0,1,"Very likely",45.45286,-73.64918
"138","Calgary","Alberta","4000","3500","29.5",1,1,0,0,0,"Very likely",51.05011,-114.08529
"145","Toronto","Ontario","10000","1500","29.5",0,1,0,0,0,"Very likely",43.70011,-79.4163
"149","St. John's","Newfoundland and Labrador","4000","1500","39.5",1,1,1,1,1,"Very likely",47.56494,-52.70931
"160","Leduc","Alberta","750","1500","39.5",1,1,1,1,0,"Very likely",53.26682,-113.55201
"162","Ottawa","Ontario","750","1500","59.5",1,1,0,0,0,"Likely",45.41117,-75.69812
"163","Toronto","Ontario","2250","1500","59.5",1,1,0,0,0,"Very likely",43.70011,-79.4163
"164","Montréal-Ouest","Quebec","750","1000","69.5",1,0,0,0,0,"Very likely",45.45286,-73.64918
"170","Saskatoon","Saskatchewan","7500","1000","29.5",1,0,0,0,0,"Likely",52.11679,-106.63452
"171","Edmonton","Alberta","750","1500","29.5",1,0,0,0,0,"Very likely",53.55014,-113.46871
"174","Montréal-Ouest","Quebec","750","1500","29.5",0,0,1,0,0,"Very likely",45.45286,-73.64918
"178","St. John's","Newfoundland and Labrador","2250","3500","49.5",1,1,0,0,1,"Likely",47.56494,-52.70931
"183","North Vancouver","British Columbia","4000","3500","59.5",1,0,0,0,0,"Likely",49.31636,-123.06934
"185","Edmonton","Alberta","4000","1500","49.5",1,1,1,0,0,"Very likely",53.55014,-113.46871
"186","Montréal-Ouest","Quebec","4000","3500","49.5",1,1,0,0,0,"Very likely",45.45286,-73.64918
"188","St. John's","Newfoundland and Labrador","7500","3500","39.5",1,1,0,0,0,"Likely",47.56494,-52.70931
"197","Toronto","Ontario","7500","1000","29.5",1,1,0,0,0,"Very likely",43.70011,-79.4163
"200","Mascouche","Quebec","7500","3500","49.5",1,1,0,0,0,"Very likely",45.74965,-73.59956
"201","St. John's","Newfoundland and Labrador","2250","3500","49.5",1,1,1,0,0,"Very likely",47.56494,-52.70931
"206","Peterborough","Ontario","4000","1500","29.5",1,1,0,0,0,"Likely",44.30012,-78.31623
"208","Edmonton","Alberta","750","1500","29.5",1,1,1,0,0,"Likely",53.55014,-113.46871
"209","Gatineau","Quebec","2250","3500","21",1,0,1,0,0,"Likely",45.47723,-75.70164
"210","Lacombe","Alberta","4000","3500","39.5",1,1,0,0,0,"Very likely",52.46681,-113.7353
"214","North Vancouver","British Columbia","2250","1500","69.5",1,1,0,1,0,"Very likely",49.31636,-123.06934
"217","Toronto","Ontario","2250","3500","49.5",0,1,0,0,0,"Very likely",43.70011,-79.4163
"218","North Vancouver","British Columbia","4000","1500","49.5",0,1,1,0,0,"Very likely",49.31636,-123.06934
"221","North Vancouver","British Columbia","750","1500","39.5",1,0,0,0,0,"Very likely",49.31636,-123.06934
"228","Sylvan Lake","Alberta","2250","1500","39.5",1,1,0,0,1,"Very likely",52.31681,-114.0853
"229","Varennes","Quebec","750","1000","29.5",1,1,0,0,0,"Very likely",45.68338,-73.43246
"236","Toronto","Ontario","4000","3500","39.5",0,1,1,0,0,"Very likely",43.70011,-79.4163
"237","Regina","Saskatchewan","750","1000","NA",0,1,0,0,0,"",50.45008,-104.6178
"240","Toronto","Ontario","2250","3500","29.5",1,1,1,1,0,"Likely",43.70011,-79.4163
"244","Fredericton","New Brunswick","750","3500","29.5",1,1,0,0,0,"Very likely",45.94541,-66.66558
"245","Toronto","Ontario","2250","1500","59.5",1,0,0,0,0,"Likely",43.70011,-79.4163
"249","Toronto","Ontario","2250","1500","59.5",0,0,0,0,1,"Very likely",43.70011,-79.4163
"251","Toronto","Ontario","7500","1000","39.5",1,1,0,0,1,"Very likely",43.70011,-79.4163
"253","Oshawa","Ontario","4000","3500","49.5",1,0,0,0,0,"Likely",43.90012,-78.84957
"259","Toronto","Ontario","750","1500","59.5",1,1,1,0,1,"Likely",43.70011,-79.4163
"265","North Vancouver","British Columbia","2250","1500","29.5",1,0,0,0,0,"Very likely",49.31636,-123.06934
"272","Montréal-Ouest","Quebec","4000","3500","75",0,1,0,0,0,"Very likely",45.45286,-73.64918
"274","Montréal-Ouest","Quebec","750","1500","49.5",1,1,0,0,0,"Likely",45.45286,-73.64918
"277","Abbotsford","British Columbia","4000","3500","59.5",1,1,1,0,1,"Very likely",49.05798,-122.25257
"278","Toronto","Ontario","750","1500","59.5",1,0,0,0,0,"Very likely",43.70011,-79.4163
"283","Toronto","Ontario","2250","1000","69.5",1,1,0,0,0,"Very likely",43.70011,-79.4163
"287","Campbellton","New Brunswick","750","3500","49.5",1,1,0,0,0,"Very likely",48.00751,-66.67272
"288","Montréal-Ouest","Quebec","750","1500","59.5",1,0,0,0,0,"Likely",45.45286,-73.64918
"295","Newmarket","Ontario","750","1000","49.5",1,0,0,0,0,"Very likely",44.05011,-79.46631
"298","Winnipeg","Manitoba","2250","3500","69.5",1,0,0,0,0,"Likely",49.8844,-97.14704
"301","Richmond Hill","Ontario","4000","1500","49.5",1,1,0,0,0,"Very likely",43.87111,-79.43725
"302","Toronto","Ontario","2250","1500","59.5",1,1,0,0,0,"Likely",43.70011,-79.4163
"303","Airdrie","Alberta","2250","1500","69.5",1,1,0,0,0,"Likely",51.30011,-114.03528
"306","North Vancouver","British Columbia","2250","1500","39.5",1,1,0,0,1,"Likely",49.31636,-123.06934
"310","Calgary","Alberta","750","1000","21",1,0,0,1,0,"Very likely",51.05011,-114.08529
"314","Calgary","Alberta","4000","3500","59.5",1,0,0,0,0,"Likely",51.05011,-114.08529
"317","Toronto","Ontario","2250","1500","69.5",0,1,0,0,0,"Very likely",43.70011,-79.4163
"322","Victoria","British Columbia","2250","1500","29.5",1,1,0,0,0,"Very likely",48.43294,-123.3693
"325","Toronto","Ontario","4000","3500","49.5",1,1,0,0,0,"Very likely",43.70011,-79.4163
"326","Pembroke","Ontario","7500","3500","59.5",1,0,0,0,0,"Very likely",45.81681,-77.11616
"333","North Vancouver","British Columbia","750","1000","49.5",1,1,0,0,0,"Very likely",49.31636,-123.06934
"336","Edmonton","Alberta","2250","1000","49.5",1,1,0,0,0,"Very likely",53.55014,-113.46871
"338","Toronto","Ontario","750","1000","39.5",1,1,0,0,0,"Likely",43.70011,-79.4163
"339","Toronto","Ontario","750","1000","39.5",0,1,1,0,0,"Likely",43.70011,-79.4163
"340","Toronto","Ontario","2250","3500","39.5",0,1,0,0,0,"Very likely",43.70011,-79.4163
"342","Toronto","Ontario","750","1500","29.5",1,1,1,0,0,"Very likely",43.70011,-79.4163
"344","Edmonton","Alberta","2250","1500","49.5",1,0,0,0,0,"Likely",53.55014,-113.46871
"345","Campbell River","British Columbia","7500","3500","49.5",1,0,0,0,0,"Likely",50.01634,-125.24459
"349","St. John's","Newfoundland and Labrador","NA","3500","49.5",1,1,0,0,0,"Very likely",47.56494,-52.70931
"354","North Vancouver","British Columbia","750","1000","59.5",0,1,0,0,0,"Likely",49.31636,-123.06934
"356","Dorchester","Ontario","4000","1500","29.5",0,1,0,0,0,"Very likely",42.98339,-81.06643
"359","Winnipeg","Manitoba","2250","1500","29.5",1,1,1,0,1,"Very likely",49.8844,-97.14704
"362","Edmonton","Alberta","2250","3500","39.5",0,0,0,0,1,"Very likely",53.55014,-113.46871
"365","Winnipeg","Manitoba","750","1500","39.5",1,1,0,0,0,"Likely",49.8844,-97.14704
"369","North Vancouver","British Columbia","2250","1000","39.5",1,1,0,0,0,"Likely",49.31636,-123.06934
"371","Abbotsford","British Columbia","4000","3500","49.5",0,1,0,0,0,"Likely",49.05798,-122.25257
"373","Hamilton","Ontario","750","1000","29.5",0,1,1,0,0,"Very likely",43.25011,-79.84963
"375","Sherbrooke","Quebec","750","1500","59.5",1,1,0,0,0,"Likely",45.40008,-71.89908
"385","Olds","Alberta","750","1500","39.5",1,1,0,1,0,"Likely",51.78341,-114.10199
"390","Ajax","Ontario","2250","1500","69.5",0,0,0,0,1,"Likely",43.85012,-79.03288
"391","Burlington","Ontario","4000","1500","39.5",0,1,0,0,0,"Very likely",43.38621,-79.83713
"402","Ottawa","Ontario","2250","1000","69.5",1,1,0,0,1,"Likely",45.41117,-75.69812
"405","Halifax","Nova Scotia","2250","3500","59.5",1,0,0,0,1,"Likely",44.64533,-63.57239
"409","Toronto","Ontario","4000","3500","49.5",1,1,0,0,0,"Likely",43.70011,-79.4163
"410","Niagara Falls","Ontario","2250","1500","39.5",1,0,0,0,0,"Likely",43.10012,-79.06627
"411","Hamilton","Ontario","2250","3500","49.5",1,1,0,0,0,"Likely",43.25011,-79.84963
"412","Regina","Saskatchewan","4000","1000","29.5",1,0,0,0,0,"Likely",50.45008,-104.6178
"414","Toronto","Ontario","4000","3500","39.5",1,1,0,0,0,"Likely",43.70011,-79.4163
"419","New Westminster","British Columbia","4000","1500","49.5",1,1,0,0,0,"Very likely",49.20678,-122.91092
"424","Calgary","Alberta","2250","3500","59.5",1,1,1,0,1,"Likely",51.05011,-114.08529
"426","Red Deer","Alberta","750","1500","39.5",1,1,1,1,0,"Very likely",52.26682,-113.802
"432","Toronto","Ontario","2250","1500","39.5",1,1,1,1,0,"Likely",43.70011,-79.4163
"440","Toronto","Ontario","2250","3500","49.5",0,1,0,0,0,"",43.70011,-79.4163
"442","St. John's","Newfoundland and Labrador","4000","3500","49.5",1,1,0,0,0,"Likely",47.56494,-52.70931
"452","Toronto","Ontario","750","1000","39.5",0,1,0,0,0,"Likely",43.70011,-79.4163
"459","Toronto","Ontario","4000","7500","59.5",1,0,0,0,0,"Likely",43.70011,-79.4163
"462","St. John's","Newfoundland and Labrador","7500","3500","59.5",0,1,0,0,0,"Likely",47.56494,-52.70931
"463","Toronto","Ontario","2250","3500","29.5",1,0,0,0,0,"Very likely",43.70011,-79.4163
"464","Toronto","Ontario","750","1500","29.5",1,1,1,0,1,"Likely",43.70011,-79.4163
"466","North Vancouver","British Columbia","750","1500","69.5",1,0,0,0,0,"Very likely",49.31636,-123.06934
"467","Peterborough","Ontario","2250","1500","29.5",1,0,0,0,0,"Very likely",44.30012,-78.31623
"469","Toronto","Ontario","750","1000","49.5",1,1,0,0,1,"Very likely",43.70011,-79.4163
"473","Toronto","Ontario","2250","3500","59.5",1,0,0,0,0,"Likely",43.70011,-79.4163
"476","North Vancouver","British Columbia","750","3500","29.5",1,1,0,0,1,"Likely",49.31636,-123.06934
"477","Toronto","Ontario","750","1000","29.5",0,1,1,0,0,"Likely",43.70011,-79.4163
"478","Ottawa","Ontario","750","1000","29.5",1,0,0,0,0,"Very likely",45.41117,-75.69812
"479","Thunder Bay","Ontario","2250","1500","49.5",1,1,0,0,0,"Likely",48.38202,-89.25018
"480","Orillia","Ontario","750","1500","59.5",1,0,0,0,0,"Very likely",44.60868,-79.42068
"482","North Vancouver","British Columbia","2250","1000","39.5",0,0,0,0,1,"Likely",49.31636,-123.06934
"485","Winnipeg","Manitoba","4000","1500","49.5",0,1,0,0,0,"Very likely",49.8844,-97.14704
"486","North Vancouver","British Columbia","2250","1500","21",1,1,1,1,0,"Very likely",49.31636,-123.06934
"494","Toronto","Ontario","2250","1500","69.5",1,0,0,0,0,"Very likely",43.70011,-79.4163
"500","Halifax","Nova Scotia","2250","1000","39.5",1,0,0,0,0,"Very likely",44.64533,-63.57239
"502","Terrebonne","Quebec","4000","3500","69.5",0,1,0,0,0,"Very likely",45.70004,-73.64732
"505","Montréal-Ouest","Quebec","2250","1500","39.5",0,0,0,1,0,"Likely",45.45286,-73.64918
"506","Portage la Prairie","Manitoba","750","1500","59.5",1,1,0,0,1,"Likely",49.97282,-98.29263
"515","London","Ontario","2250","1500","39.5",1,1,0,1,1,"Likely",42.98339,-81.23304
"517","North Vancouver","British Columbia","750","1000","29.5",1,1,1,1,1,"Very likely",49.31636,-123.06934
"518","Québec","Quebec","2250","3500","59.5",1,1,0,0,0,"Likely",46.81228,-71.21454
"531","Edmonton","Alberta","7500","3500","49.5",1,1,1,0,0,"Likely",53.55014,-113.46871
"532","Winnipeg","Manitoba","2250","3500","49.5",1,1,0,0,1,"Very likely",49.8844,-97.14704
"533","North Vancouver","British Columbia","2250","1000","39.5",1,0,0,0,0,"Likely",49.31636,-123.06934
"534","Toronto","Ontario","7500","7500","59.5",1,1,0,0,1,"Very likely",43.70011,-79.4163
"537","Regina","Saskatchewan","2250","7500","59.5",1,1,0,0,1,"Likely",50.45008,-104.6178
"542","Ottawa","Ontario","750","1000","29.5",1,1,0,0,1,"Likely",45.41117,-75.69812
"543","Winnipeg","Manitoba","4000","1500","39.5",1,1,1,0,1,"Very likely",49.8844,-97.14704
"546","Calgary","Alberta","750","3500","59.5",1,1,1,0,0,"Very likely",51.05011,-114.08529
"547","Toronto","Ontario","2250","1500","39.5",1,1,1,1,1,"Likely",43.70011,-79.4163
"551","Kimberley","British Columbia","4000","3500","59.5",1,1,1,1,0,"Very likely",49.67071,-115.9776
"554","Grande Prairie","Alberta","4000","3500","49.5",1,0,0,0,0,"Likely",55.16667,-118.80271
"557","Calgary","Alberta","750","1000","29.5",1,1,0,0,0,"Likely",51.05011,-114.08529
"559","Ottawa","Ontario","750","1000","69.5",0,1,0,0,0,"Very likely",45.41117,-75.69812
"560","Richmond Hill","Ontario","2250","1500","39.5",1,0,0,0,0,"Likely",43.87111,-79.43725
"561","Toronto","Ontario","2250","1500","29.5",1,1,0,0,0,"Very likely",43.70011,-79.4163
"569","Ottawa","Ontario","2250","1500","49.5",1,1,0,0,0,"Likely",45.41117,-75.69812
"577","Toronto","Ontario","750","1500","29.5",0,1,0,0,0,"Likely",43.70011,-79.4163
"586","Edmonton","Alberta","2250","1000","59.5",0,1,0,0,0,"Likely",53.55014,-113.46871
"588","Thompson","Manitoba","10000","1000","NA",0,1,0,0,0,"Likely",55.7435,-97.85579
"589","Barrie","Ontario","4000","1000","39.5",1,0,0,0,0,"Very likely",44.40011,-79.66634
"592","Toronto","Ontario","2250","1500","39.5",1,0,0,0,1,"Very likely",43.70011,-79.4163
"593","Toronto","Ontario","2250","1000","49.5",1,1,0,0,1,"Likely",43.70011,-79.4163
"594","Toronto","Ontario","2250","1500","29.5",1,1,1,0,0,"Very likely",43.70011,-79.4163
"597","Bromont","Quebec","2250","1500","29.5",1,0,0,0,0,"Very likely",45.31678,-72.64912
"609","Prince Albert","Saskatchewan","2250","1500","59.5",0,0,0,0,1,"Very likely",53.20008,-105.76772
"610","Carbonear","Newfoundland and Labrador","2250","1000","49.5",1,0,0,0,0,"Very likely",47.73319,-53.21478
"616","Toronto","Ontario","2250","1000","39.5",1,1,0,0,0,"Likely",43.70011,-79.4163
"620","Toronto","Ontario","2250","3500","39.5",1,1,0,0,0,"Very likely",43.70011,-79.4163
"622","Calgary","Alberta","2250","3500","29.5",1,1,0,0,0,"Very likely",51.05011,-114.08529
"624","Toronto","Ontario","7500","1000","29.5",0,1,0,0,1,"Very likely",43.70011,-79.4163
"625","Halifax","Nova Scotia","4000","3500","59.5",1,1,0,0,0,"Very likely",44.64533,-63.57239
"630","Richmond Hill","Ontario","4000","1500","21",1,1,1,1,1,"Very likely",43.87111,-79.43725
"631","Calgary","Alberta","750","1500","49.5",1,1,0,0,1,"Very likely",51.05011,-114.08529
"632","Toronto","Ontario","750","1500","21",1,1,0,0,0,"Very likely",43.70011,-79.4163
"634","London","Ontario","4000","3500","59.5",1,0,0,0,0,"Likely",42.98339,-81.23304
"635","Edmonton","Alberta","4000","3500","59.5",1,1,0,0,0,"Very likely",53.55014,-113.46871
"640","Toronto","Ontario","2250","1000","29.5",1,1,0,0,0,"Very likely",43.70011,-79.4163
"642","Calgary","Alberta","4000","3500","21",1,1,0,1,0,"Very likely",51.05011,-114.08529
"644","Montréal-Ouest","Quebec","7500","3500","59.5",0,0,0,0,1,"Likely",45.45286,-73.64918
"648","Calgary","Alberta","2250","1500","59.5",1,0,0,1,0,"Likely",51.05011,-114.08529
"651","Moncton","New Brunswick","4000","3500","39.5",0,1,0,0,0,"Very likely",46.09454,-64.7965
"654","Sherwood Park","Alberta","4000","3500","59.5",1,1,0,0,1,"Likely",53.51684,-113.3187
"665","Richmond","British Columbia","2250","1500","39.5",1,1,0,0,1,"Very likely",49.17003,-123.13683
"667","Calgary","Alberta","2250","3500","21",1,1,0,1,0,"Very likely",51.05011,-114.08529
"669","Angus","Ontario","2250","1500","29.5",0,1,0,0,0,"Very likely",44.31681,-79.88295
"674","Toronto","Ontario","10000","3500","49.5",1,1,0,0,1,"Very likely",43.70011,-79.4163
"675","London","Ontario","4000","3500","59.5",1,0,0,0,0,"Very likely",42.98339,-81.23304
"689","Toronto","Ontario","750","1500","49.5",1,1,0,0,0,"Very likely",43.70011,-79.4163
"693","North Vancouver","British Columbia","10000","3500","49.5",1,1,0,0,0,"Very likely",49.31636,-123.06934
"698","Toronto","Ontario","750","1000","21",0,0,1,0,0,"Likely",43.70011,-79.4163
"700","Lacombe","Alberta","4000","3500","59.5",1,1,0,0,0,"Very likely",52.46681,-113.7353
"701","North Vancouver","British Columbia","2250","3500","39.5",1,1,1,1,0,"Likely",49.31636,-123.06934
"702","Abbotsford","British Columbia","7500","1500","39.5",1,0,0,0,0,"Very likely",49.05798,-122.25257
"705","North Vancouver","British Columbia","750","3500","59.5",0,0,1,0,0,"Likely",49.31636,-123.06934
"712","London","Ontario","750","1500","49.5",0,1,0,0,0,"Likely",42.98339,-81.23304
"721","North Vancouver","British Columbia","4000","3500","59.5",0,1,0,0,0,"Likely",49.31636,-123.06934
"722","Winnipeg","Manitoba","2250","1500","29.5",1,1,0,0,1,"Likely",49.8844,-97.14704
"728","North Vancouver","British Columbia","750","1500","59.5",1,0,0,0,0,"Likely",49.31636,-123.06934
"738","Montréal-Ouest","Quebec","750","3500","49.5",1,0,0,0,0,"Very likely",45.45286,-73.64918
"740","St. John's","Newfoundland and Labrador","4000","3500","69.5",1,0,0,0,0,"Very likely",47.56494,-52.70931
"742","Toronto","Ontario","7500","1500","39.5",1,0,0,0,0,"Likely",43.70011,-79.4163
"758","Toronto","Ontario","2250","1500","69.5",1,1,0,0,1,"Likely",43.70011,-79.4163
"760","Halifax","Nova Scotia","7500","3500","29.5",1,1,1,1,0,"Likely",44.64533,-63.57239
"762","Ottawa","Ontario","750","1500","29.5",1,1,0,0,1,"Likely",45.41117,-75.69812
"764","Barrie","Ontario","4000","1500","29.5",1,1,0,0,1,"Likely",44.40011,-79.66634
"766","North Vancouver","British Columbia","4000","3500","59.5",1,0,0,0,0,"Very likely",49.31636,-123.06934
"768","Halifax","Nova Scotia","2250","3500","69.5",1,1,0,0,0,"Very likely",44.64533,-63.57239
"774","North Vancouver","British Columbia","7500","3500","39.5",1,1,1,0,0,"Very likely",49.31636,-123.06934
"777","Toronto","Ontario","750","1500","29.5",1,1,0,0,0,"Very likely",43.70011,-79.4163
"781","Boucherville","Quebec","750","1500","29.5",1,0,0,0,0,"Likely",45.59104,-73.43605
"786","Victoria","British Columbia","10000","7500","49.5",0,1,0,0,0,"Very likely",48.43294,-123.3693
"794","Ajax","Ontario","2250","1500","59.5",0,0,0,1,0,"Likely",43.85012,-79.03288
"798","Chilliwack","British Columbia","750","NA","59.5",1,1,0,0,0,"Likely",49.16638,-121.95257
"802","Fredericton","New Brunswick","7500","10000","69.5",1,0,0,0,1,"Very likely",45.94541,-66.66558
"803","Welland","Ontario","4000","3500","69.5",1,1,0,0,1,"Likely",42.98342,-79.24958
"806","Ajax","Ontario","750","1500","49.5",0,1,0,0,0,"Likely",43.85012,-79.03288
"815","Toronto","Ontario","4000","7500","59.5",1,1,1,1,0,"Likely",43.70011,-79.4163
"819","Toronto","Ontario","2250","1500","29.5",1,1,1,0,0,"Likely",43.70011,-79.4163
"822","Toronto","Ontario","2250","3500","21",0,1,0,0,0,"Very likely",43.70011,-79.4163
"825","Kamloops","British Columbia","2250","1500","49.5",0,0,0,0,1,"Likely",50.66648,-120.3192
"830","Montréal-Ouest","Quebec","4000","1500","29.5",1,1,0,0,1,"Very likely",45.45286,-73.64918
"832","Calgary","Alberta","4000","3500","39.5",1,1,0,0,0,"Very likely",51.05011,-114.08529
"833","North Vancouver","British Columbia","2250","1500","49.5",0,0,0,0,1,"Likely",49.31636,-123.06934
"843","Laval","Quebec","750","3500","59.5",0,1,0,0,0,"Likely",45.56995,-73.692
"848","Toronto","Ontario","7500","3500","29.5",1,1,0,0,1,"Very likely",43.70011,-79.4163
"850","Dawson Creek","British Columbia","4000","3500","69.5",0,1,0,0,0,"Very likely",55.75984,-120.2403
"853","Montréal-Ouest","Quebec","750","1000","39.5",0,1,0,0,0,"Very likely",45.45286,-73.64918
"855","Thunder Bay","Ontario","2250","3500","59.5",1,0,0,0,0,"Likely",48.38202,-89.25018
"860","Toronto","Ontario","4000","1000","29.5",1,1,0,0,1,"Very likely",43.70011,-79.4163
"862","Montréal-Ouest","Quebec","2250","1500","29.5",1,1,0,0,1,"Likely",45.45286,-73.64918
"868","Edmonton","Alberta","4000","3500","49.5",1,0,0,0,0,"Likely",53.55014,-113.46871
"870","Winnipeg","Manitoba","2250","3500","59.5",0,1,0,0,0,"Very likely",49.8844,-97.14704
"871","North Vancouver","British Columbia","4000","7500","49.5",1,1,0,0,0,"Very likely",49.31636,-123.06934
"873","Guelph","Ontario","2250","1000","49.5",0,1,0,0,0,"Very likely",43.54594,-80.25599
"876","Guelph","Ontario","NA","7500","NA",1,1,0,0,1,"Very likely",43.54594,-80.25599
"879","Ajax","Ontario","750","1000","21",1,0,0,0,0,"Likely",43.85012,-79.03288
"885","Kitchener","Ontario","2250","3500","49.5",1,1,0,1,0,"Very likely",43.42537,-80.5112
"889","Toronto","Ontario","2250","1500","49.5",1,1,1,1,0,"Likely",43.70011,-79.4163
"898","Toronto","Ontario","750","1000","21",1,1,0,1,0,"Very likely",43.70011,-79.4163
"900","Toronto","Ontario","2250","1000","29.5",1,0,0,0,0,"Very likely",43.70011,-79.4163
"901","Saint-Constant","Quebec","750","1500","49.5",1,1,0,1,0,"Very likely",45.36678,-73.56588
"902","Calgary","Alberta","750","1500","29.5",1,1,1,0,0,"Likely",51.05011,-114.08529
"904","Red Deer","Alberta","4000","1000","39.5",1,1,0,0,0,"Very likely",52.26682,-113.802
"913","Toronto","Ontario","10000","10000","39.5",1,1,1,1,1,"Likely",43.70011,-79.4163
"917","Winnipeg","Manitoba","2250","1500","29.5",1,1,0,0,1,"Likely",49.8844,-97.14704
"918","Milton","Ontario","4000","3500","59.5",1,1,0,0,0,"Likely",43.51681,-79.88294
"922","Ottawa","Ontario","4000","3500","29.5",1,1,1,1,0,"Very likely",45.41117,-75.69812
"923","North Vancouver","British Columbia","2250","1500","29.5",1,0,0,0,1,"Very likely",49.31636,-123.06934
"924","North Vancouver","British Columbia","2250","1500","59.5",0,0,0,0,0,"Very likely",49.31636,-123.06934
"939","Barrie","Ontario","2250","1500","29.5",1,1,1,0,0,"Very likely",44.40011,-79.66634
"940","Montréal-Ouest","Quebec","750","1500","29.5",1,1,0,0,0,"Likely",45.45286,-73.64918
"941","Moncton","New Brunswick","2250","3500","59.5",1,0,0,0,1,"Very likely",46.09454,-64.7965
"943","Halifax","Nova Scotia","4000","1500","59.5",1,1,0,0,0,"Likely",44.64533,-63.57239
"945","Saint-Eustache","Quebec","2250","1500","59.5",1,0,0,0,0,"Very likely",45.565,-73.90554
"949","Toronto","Ontario","2250","1500","59.5",0,1,0,0,0,"Very likely",43.70011,-79.4163
"952","Fort Saskatchewan","Alberta","4000","3500","39.5",1,0,0,0,0,"Likely",53.71684,-113.2187
"956","North Vancouver","British Columbia","750","3500","21",1,0,0,1,0,"Likely",49.31636,-123.06934
"959","Toronto","Ontario","750","1500","21",1,1,0,0,0,"Very likely",43.70011,-79.4163
"962","Toronto","Ontario","4000","3500","49.5",0,1,0,0,0,"Very likely",43.70011,-79.4163
"964","Miramichi","New Brunswick","4000","3500","49.5",1,0,0,0,0,"Very likely",47.02895,-65.50186
"965","North Vancouver","British Columbia","2250","3500","49.5",1,1,0,0,0,"Likely",49.31636,-123.06934
"966","Toronto","Ontario","2250","1000","49.5",1,1,0,0,0,"Likely",43.70011,-79.4163
"974","Toronto","Ontario","2250","1000","39.5",1,1,0,0,0,"Very likely",43.70011,-79.4163
"975","Toronto","Ontario","2250","3500","49.5",1,1,0,0,0,"Likely",43.70011,-79.4163
"976","Halifax","Nova Scotia","7500","7500","59.5",1,0,0,0,0,"Likely",44.64533,-63.57239
"977","Sherbrooke","Quebec","2250","1500","59.5",1,0,0,0,0,"Very likely",45.40008,-71.89908
"979","Regina","Saskatchewan","750","1000","29.5",0,1,1,1,1,"Very likely",50.45008,-104.6178
"980","North Vancouver","British Columbia","7500","1500","69.5",1,1,0,0,0,"Likely",49.31636,-123.06934
"983","Montréal-Ouest","Quebec","750","1000","39.5",0,1,0,0,0,"Very likely",45.45286,-73.64918
"989","North Vancouver","British Columbia","2250","1500","69.5",1,1,0,0,1,"Very likely",49.31636,-123.06934
"991","Toronto","Ontario","750","1000","39.5",0,1,0,0,0,"Likely",43.70011,-79.4163
"992","Fredericton","New Brunswick","2250","3500","39.5",1,1,0,0,1,"Very likely",45.94541,-66.66558
"993","Toronto","Ontario","750","1500","69.5",1,0,0,0,0,"Likely",43.70011,-79.4163
"995","Duncan","British Columbia","750","1500","49.5",1,0,0,0,0,"Likely",48.78293,-123.70266
"999","Dawson Creek","British Columbia","2250","3500","49.5",1,0,0,0,0,"Likely",55.75984,-120.2403
"1003","Toronto","Ontario","2250","1500","59.5",1,1,0,0,0,"Likely",43.70011,-79.4163
"1005","Québec","Quebec","4000","1500","39.5",1,1,1,0,1,"Very likely",46.81228,-71.21454
"1006","Kingston","Ontario","2250","1500","59.5",1,0,0,0,0,"Very likely",44.22976,-76.48098
"1007","Toronto","Ontario","2250","3500","49.5",1,1,0,0,0,"Likely",43.70011,-79.4163
"1014","Port Colborne","Ontario","4000","3500","39.5",1,1,1,1,1,"Likely",42.90012,-79.23288
"1018","Toronto","Ontario","750","1000","39.5",1,1,0,1,0,"Likely",43.70011,-79.4163
"1024","Toronto","Ontario","4000","3500","49.5",1,1,0,0,0,"Very likely",43.70011,-79.4163
"1027","Montréal-Ouest","Quebec","750","1500","59.5",1,1,0,0,0,"Likely",45.45286,-73.64918
"1030","Oshawa","Ontario","7500","3500","39.5",1,1,0,0,1,"Very likely",43.90012,-78.84957
"1031","Toronto","Ontario","750","1500","59.5",1,1,0,0,1,"Very likely",43.70011,-79.4163
"1033","Edmonton","Alberta","4000","3500","59.5",1,1,0,0,0,"Likely",53.55014,-113.46871
"1034","Cornwall","Ontario","4000","1500","49.5",1,1,1,1,0,"Very likely",45.01809,-74.72815
"1044","Montréal-Ouest","Quebec","750","1000","59.5",1,1,0,0,0,"Very likely",45.45286,-73.64918
"1049","Toronto","Ontario","4000","1500","39.5",1,0,0,0,1,"Very likely",43.70011,-79.4163
"1057","Montréal-Ouest","Quebec","2250","3500","39.5",1,0,0,0,0,"Likely",45.45286,-73.64918
"1058","Pitt Meadows","British Columbia","4000","7500","49.5",1,1,0,0,0,"Likely",49.22119,-122.68965
"1059","Windsor","Ontario","2250","1000","39.5",1,1,0,0,1,"Very likely",42.30008,-83.01654
"1065","Airdrie","Alberta","4000","3500","39.5",1,1,0,1,1,"Very likely",51.30011,-114.03528
"1072","Edmonton","Alberta","2250","1000","29.5",1,0,0,0,0,"Likely",53.55014,-113.46871
"1073","Montréal-Ouest","Quebec","750","1000","69.5",1,1,0,0,0,"Very likely",45.45286,-73.64918
"1074","Calgary","Alberta","2250","3500","49.5",1,1,1,1,0,"Very likely",51.05011,-114.08529
"1075","Terrace","British Columbia","750","1000","29.5",1,1,0,0,1,"Very likely",54.51634,-128.60345
"1076","Toronto","Ontario","2250","1500","29.5",1,1,0,0,0,"Very likely",43.70011,-79.4163
"1078","Powell River","British Columbia","2250","1000","59.5",1,1,1,0,1,"Likely",49.87022,-124.54926
"1079","North Vancouver","British Columbia","2250","1500","29.5",1,0,0,0,0,"Very likely",49.31636,-123.06934
"1081","Edmonton","Alberta","2250","1500","59.5",1,0,0,0,0,"Likely",53.55014,-113.46871
"1088","Toronto","Ontario","750","1000","49.5",1,0,0,0,0,"Likely",43.70011,-79.4163
"1089","Collingwood","Ontario","750","1000","49.5",1,1,1,1,0,"Very likely",44.4834,-80.21638
"1090","Toronto","Ontario","750","1500","29.5",1,0,0,0,0,"Very likely",43.70011,-79.4163
"1092","North Vancouver","British Columbia","2250","1500","29.5",1,1,0,0,0,"Very likely",49.31636,-123.06934
"1094","Montréal-Ouest","Quebec","750","1500","39.5",1,0,0,0,0,"Likely",45.45286,-73.64918
"1103","Hamilton","Ontario","750","3500","59.5",0,0,0,0,1,"Very likely",43.25011,-79.84963
"1112","London","Ontario","2250","7500","21",1,1,1,0,0,"Likely",42.98339,-81.23304
"1115","Calgary","Alberta","NA","10000","75",1,1,1,1,1,"",51.05011,-114.08529
"1122","Spruce Grove","Alberta","750","1000","29.5",1,1,0,0,1,"Likely",53.53344,-113.91874
"1125","Oshawa","Ontario","7500","1500","75",0,1,0,0,1,"Very likely",43.90012,-78.84957
"1127","Edmonton","Alberta","2250","1500","49.5",1,1,0,0,0,"Likely",53.55014,-113.46871
"1128","Toronto","Ontario","750","1500","39.5",1,1,0,0,1,"Very likely",43.70011,-79.4163
"1129","Halifax","Nova Scotia","750","1500","59.5",1,1,0,0,1,"Likely",44.64533,-63.57239
"1131","Toronto","Ontario","4000","1500","59.5",1,0,0,0,0,"Very likely",43.70011,-79.4163
"1135","Greater Sudbury","Ontario","2250","1000","21",1,1,0,1,0,"Likely",46.49,-80.99001
"1144","North Vancouver","British Columbia","750","1000","49.5",1,1,0,1,0,"Very likely",49.31636,-123.06934
"1146","Sault Ste. Marie","Ontario","4000","3500","59.5",0,1,0,0,0,"Likely",46.51677,-84.33325
"1157","Thetford-Mines","Quebec","750","1500","49.5",0,0,0,0,0,"Very likely",46.09371,-71.30539
"1160","Calgary","Alberta","2250","1500","39.5",1,1,0,0,1,"Very likely",51.05011,-114.08529
"1167","Ancaster","Ontario","2250","1500","29.5",1,1,0,1,0,"Likely",43.21806,-79.98716
"1168","Barrie","Ontario","2250","1500","59.5",1,0,0,0,0,"Very likely",44.40011,-79.66634
"1178","Sault Ste. Marie","Ontario","2250","1500","39.5",1,1,1,0,0,"Very likely",46.51677,-84.33325
"1179","Edmonton","Alberta","2250","1000","39.5",0,1,0,0,0,"Very likely",53.55014,-113.46871
"1181","Rimouski","Quebec","750","1000","29.5",1,0,0,0,0,"Very likely",48.44879,-68.52396
"1186","North Vancouver","British Columbia","7500","3500","59.5",0,1,1,0,1,"Likely",49.31636,-123.06934
"1189","Toronto","Ontario","750","1000","59.5",0,1,0,0,0,"Very likely",43.70011,-79.4163
"1192","Toronto","Ontario","7500","3500","49.5",1,1,0,0,0,"Very likely",43.70011,-79.4163
"1203","Burlington","Ontario","2250","3500","49.5",1,0,0,0,0,"Very likely",43.38621,-79.83713
"1208","Saskatoon","Saskatchewan","2250","3500","39.5",1,0,0,0,0,"Likely",52.11679,-106.63452
"1209","Ottawa","Ontario","750","1500","49.5",1,0,0,0,0,"Likely",45.41117,-75.69812
"1218","Toronto","Ontario","2250","1500","39.5",1,1,0,0,0,"Very likely",43.70011,-79.4163
"1221","Kitchener","Ontario","4000","1500","29.5",1,1,0,0,0,"Likely",43.42537,-80.5112
"1222","Burlington","Ontario","2250","1500","29.5",1,1,0,0,0,"Likely",43.38621,-79.83713
"1223","Edmonton","Alberta","4000","1500","39.5",0,1,1,0,0,"Very likely",53.55014,-113.46871
"1224","Montréal-Ouest","Quebec","2250","1000","29.5",1,1,1,0,0,"Very likely",45.45286,-73.64918
"1226","Laval","Quebec","2250","1500","59.5",1,0,0,0,0,"Very likely",45.56995,-73.692
"1227","North Vancouver","British Columbia","4000","1500","29.5",1,1,1,0,1,"Very likely",49.31636,-123.06934
"1228","Prince George","British Columbia","4000","1000","29.5",1,1,0,0,0,"Very likely",53.9166,-122.75301
"1238","Charlottetown","Prince Edward Island","2250","3500","49.5",0,0,0,0,1,"Likely",46.23525,-63.12671
"1239","Red Deer","Alberta","7500","3500","49.5",1,0,0,0,0,"Likely",52.26682,-113.802
"1240","North Vancouver","British Columbia","7500","3500","59.5",1,1,0,0,0,"Likely",49.31636,-123.06934
"1243","Toronto","Ontario","4000","3500","29.5",1,0,0,0,0,"Very likely",43.70011,-79.4163
"1248","New Glasgow","Nova Scotia","4000","3500","49.5",1,1,0,0,1,"Likely",45.58344,-62.64863
"1250","Edmonton","Alberta","2250","1500","29.5",1,0,0,0,0,"",53.55014,-113.46871
"1252","Toronto","Ontario","4000","3500","49.5",1,1,1,0,1,"Very likely",43.70011,-79.4163
"1254","Winnipeg","Manitoba","2250","1000","29.5",1,1,1,0,0,"Likely",49.8844,-97.14704
"1257","Toronto","Ontario","4000","1000","39.5",1,1,0,0,0,"Very likely",43.70011,-79.4163
"1265","Montréal-Ouest","Quebec","2250","1500","29.5",1,1,0,0,1,"Very likely",45.45286,-73.64918
"1266","Edmonton","Alberta","2250","1500","49.5",1,1,0,1,0,"Very likely",53.55014,-113.46871
"1267","Toronto","Ontario","2250","1000","21",1,0,0,0,0,"Likely",43.70011,-79.4163
"1268","Winnipeg","Manitoba","2250","3500","49.5",1,1,0,1,0,"Very likely",49.8844,-97.14704
"1269","Saskatoon","Saskatchewan","7500","1500","21",0,1,0,0,0,"Likely",52.11679,-106.63452
"1271","Oshawa","Ontario","4000","3500","39.5",1,1,0,0,0,"Very likely",43.90012,-78.84957
"1274","Halifax","Nova Scotia","2250","3500","49.5",1,1,1,0,0,"Very likely",44.64533,-63.57239
"1275","Montréal-Ouest","Quebec","2250","3500","39.5",0,1,0,0,0,"Likely",45.45286,-73.64918
"1276","Montréal-Ouest","Quebec","4000","1500","39.5",1,1,0,0,1,"Likely",45.45286,-73.64918
"1278","Hamilton","Ontario","2250","1500","29.5",0,1,0,0,0,"Very likely",43.25011,-79.84963
"1284","Greater Sudbury","Ontario","4000","7500","49.5",0,1,0,0,0,"Very likely",46.49,-80.99001
"1286","Toronto","Ontario","2250","3500","69.5",1,1,1,0,0,"Likely",43.70011,-79.4163
"1289","Calgary","Alberta","2250","1500","39.5",1,0,0,0,0,"Very likely",51.05011,-114.08529
"1292","North Vancouver","British Columbia","750","1500","29.5",1,1,0,0,1,"Likely",49.31636,-123.06934
"1301","North Vancouver","British Columbia","2250","3500","69.5",1,1,1,0,0,"Likely",49.31636,-123.06934
"1304","St. John's","Newfoundland and Labrador","7500","3500","69.5",1,0,0,0,0,"Very likely",47.56494,-52.70931
"1309","North Vancouver","British Columbia","2250","3500","49.5",1,0,0,0,0,"Very likely",49.31636,-123.06934
"1310","Edmonton","Alberta","750","1500","49.5",1,1,0,0,0,"Likely",53.55014,-113.46871
"1311","Fredericton","New Brunswick","750","3500","39.5",1,1,0,0,0,"Likely",45.94541,-66.66558
"1312","Edmonton","Alberta","4000","1500","29.5",1,1,0,0,0,"Very likely",53.55014,-113.46871
"1315","Toronto","Ontario","2250","1500","49.5",1,1,0,0,0,"Very likely",43.70011,-79.4163
"1320","Fredericton","New Brunswick","750","1000","29.5",1,1,0,0,0,"Very likely",45.94541,-66.66558
"1323","Calgary","Alberta","2250","1500","39.5",1,1,0,1,0,"Very likely",51.05011,-114.08529
"1337","Toronto","Ontario","2250","1500","21",1,1,1,1,1,"Very likely",43.70011,-79.4163
"1340","Ottawa","Ontario","750","1500","29.5",1,0,0,0,0,"Very likely",45.41117,-75.69812
"1344","North Vancouver","British Columbia","2250","1500","29.5",1,1,0,0,1,"Likely",49.31636,-123.06934
"1345","Regina","Saskatchewan","4000","3500","29.5",1,0,0,0,0,"Very likely",50.45008,-104.6178
"1351","Toronto","Ontario","750","1000","49.5",0,0,1,0,0,"Likely",43.70011,-79.4163
"1360","Morden","Manitoba","750","1500","39.5",1,1,0,1,0,"Likely",49.1919,-98.10136
"1364","Toronto","Ontario","4000","3500","59.5",1,1,0,0,0,"Likely",43.70011,-79.4163
"1366","Edmonton","Alberta","2250","3500","39.5",1,1,0,0,0,"Very likely",53.55014,-113.46871
"1371","Thunder Bay","Ontario","4000","1000","21",1,1,1,0,1,"Likely",48.38202,-89.25018
"1374","North Vancouver","British Columbia","7500","3500","39.5",1,1,0,0,0,"Likely",49.31636,-123.06934
"1384","Laval","Quebec","750","1500","69.5",1,0,0,0,0,"Very likely",45.56995,-73.692
"1387","North Vancouver","British Columbia","4000","3500","49.5",1,1,0,0,0,"Very likely",49.31636,-123.06934
"1388","Sarnia","Ontario","750","1500","59.5",1,1,0,0,0,"Likely",42.97866,-82.40407
"1397","Victoria","Newfoundland and Labrador","4000","3500","69.5",0,1,0,0,0,"Likely",48.43294,-123.3693
"1399","Sarnia","Ontario","750","3500","39.5",1,1,0,0,0,"Likely",42.97866,-82.40407
"1403","Toronto","Ontario","750","1500","39.5",1,1,1,1,0,"Likely",43.70011,-79.4163
"1411","Toronto","Ontario","4000","1000","29.5",1,1,0,0,0,"Very likely",43.70011,-79.4163
"1417","Montréal-Ouest","Quebec","2250","1500","49.5",1,1,0,0,0,"Very likely",45.45286,-73.64918
"1420","Toronto","Ontario","2250","3500","49.5",0,1,0,0,0,"Very likely",43.70011,-79.4163
"1423","Beaumont","Alberta","750","1000","39.5",1,1,0,0,0,"Likely",53.35013,-113.41871
"1425","Ottawa","Ontario","2250","1500","21",1,1,0,0,0,"Likely",45.41117,-75.69812
"1430","Guelph","Ontario","7500","3500","29.5",1,1,0,0,1,"Very likely",43.54594,-80.25599
"1431","Toronto","Ontario","2250","1500","49.5",0,1,0,0,0,"Very likely",43.70011,-79.4163
"1435","Port Moody","British Columbia","7500","7500","49.5",1,1,0,0,0,"Very likely",49.28297,-122.85263
"1443","Montréal-Ouest","Quebec","2250","1500","29.5",1,1,0,0,1,"Likely",45.45286,-73.64918
"1447","Owen Sound","Ontario","750","NA","NA",0,0,0,0,0,"Likely",44.56717,-80.94349
"1448","North Vancouver","British Columbia","4000","3500","39.5",1,0,0,0,0,"Very likely",49.31636,-123.06934
"1455","North Vancouver","British Columbia","7500","1000","49.5",1,1,0,0,0,"Likely",49.31636,-123.06934
"1458","Brampton","Ontario","2250","1500","39.5",1,1,0,0,0,"Likely",43.68341,-79.76633
"1459","Ottawa","Ontario","2250","1500","29.5",0,1,1,0,1,"Very likely",45.41117,-75.69812
"1464","Edmonton","Alberta","2250","1000","59.5",1,0,0,0,0,"Likely",53.55014,-113.46871
"1467","Montréal-Ouest","Quebec","2250","1500","69.5",0,1,0,0,0,"Very likely",45.45286,-73.64918
"1469","Markham","Ontario","750","1500","39.5",1,0,0,0,0,"Likely",43.86682,-79.2663
"1481","Hamilton","Ontario","2250","1500","59.5",1,0,0,0,0,"Likely",43.25011,-79.84963
"1482","Victoriaville","Quebec","2250","3500","59.5",1,0,0,0,0,"Likely",46.05007,-71.96579
"1484","Edmonton","Alberta","7500","1500","29.5",1,1,0,0,0,"Likely",53.55014,-113.46871
"1491","St. John's","Newfoundland and Labrador","7500","7500","69.5",0,1,0,0,0,"Likely",47.56494,-52.70931
"1501","Windsor","Ontario","750","1500","29.5",1,1,1,1,0,"Very likely",42.30008,-83.01654
"1504","Ottawa","Ontario","4000","3500","59.5",1,1,0,0,0,"Very likely",45.41117,-75.69812
"1509","Edmonton","Alberta","2250","NA","59.5",1,0,0,0,0,"Likely",53.55014,-113.46871
"1515","Montréal-Ouest","Quebec","750","1500","39.5",1,0,0,0,0,"Very likely",45.45286,-73.64918
"1519","Toronto","Ontario","2250","1500","39.5",1,1,0,0,0,"Likely",43.70011,-79.4163
"1522","Edmonton","Alberta","4000","3500","29.5",1,0,0,0,0,"Very likely",53.55014,-113.46871
"1523","Amherstburg","Ontario","2250","1500","49.5",1,0,0,0,1,"Likely",42.11679,-83.04985
"1529","North Vancouver","British Columbia","750","1500","29.5",1,0,1,0,0,"Very likely",49.31636,-123.06934
"1535","Toronto","Ontario","2250","3500","59.5",0,1,0,0,0,"Likely",43.70011,-79.4163
"1536","Halifax","Nova Scotia","4000","NA","59.5",1,1,1,0,1,"Likely",44.64533,-63.57239
"1537","North Vancouver","British Columbia","750","1000","49.5",1,0,0,0,0,"Very likely",49.31636,-123.06934
"1539","North Vancouver","British Columbia","7500","1500","39.5",1,0,0,0,0,"Very likely",49.31636,-123.06934
"1543","Montréal-Ouest","Quebec","2250","1500","59.5",1,0,0,0,0,"Likely",45.45286,-73.64918
"1550","Fredericton","New Brunswick","2250","1500","29.5",1,1,1,0,0,"Very likely",45.94541,-66.66558
"1557","Fort Saskatchewan","Alberta","7500","3500","29.5",0,1,0,1,0,"Very likely",53.71684,-113.2187
"1559","Toronto","Ontario","750","1500","59.5",1,1,0,0,0,"Very likely",43.70011,-79.4163
"1564","Toronto","Ontario","4000","1500","49.5",1,1,1,1,1,"Likely",43.70011,-79.4163
"1569","Kitchener","Ontario","750","1000","39.5",1,0,0,0,0,"Very likely",43.42537,-80.5112
"1570","Montréal-Ouest","Quebec","2250","1500","59.5",1,1,0,0,0,"Likely",45.45286,-73.64918
"1571","Brandon","Manitoba","2250","3500","49.5",1,0,0,0,0,"Very likely",49.84692,-99.95306
"1579","Winnipeg","Manitoba","4000","3500","29.5",0,1,0,0,0,"Very likely",49.8844,-97.14704
"1581","Toronto","Ontario","750","3500","29.5",0,1,0,0,0,"Very likely",43.70011,-79.4163
"1583","Toronto","Ontario","2250","3500","29.5",1,1,0,0,0,"Likely",43.70011,-79.4163
"1585","Brampton","Ontario","750","1500","21",1,1,1,0,1,"Very likely",43.68341,-79.76633
"1587","North Vancouver","British Columbia","4000","3500","29.5",1,0,0,0,0,"Very likely",49.31636,-123.06934
"1592","Pointe-Claire","Quebec","4000","3500","39.5",1,1,1,0,1,"Very likely",45.44868,-73.81669
"1595","Calgary","Alberta","2250","1000","49.5",0,0,1,0,0,"Likely",51.05011,-114.08529
"1596","Nelson","British Columbia","10000","3500","39.5",0,1,0,0,0,"Likely",49.49985,-117.28553
"1598","Toronto","Ontario","4000","1500","29.5",0,1,1,0,1,"Likely",43.70011,-79.4163
"1604","Barrie","Ontario","750","1500","39.5",1,0,0,0,0,"Very likely",44.40011,-79.66634
"1609","Terrebonne","Quebec","2250","1500","49.5",1,0,0,0,0,"Very likely",45.70004,-73.64732
"1614","Sylvan Lake","Alberta","4000","1500","49.5",0,1,0,0,0,"Likely",52.31681,-114.0853
"1615","Chilliwack","British Columbia","2250","3500","59.5",1,1,0,0,0,"Likely",49.16638,-121.95257
"1618","Regina","Saskatchewan","2250","1500","29.5",0,1,0,0,0,"Likely",50.45008,-104.6178
"1634","Kentville","Nova Scotia","750","1500","29.5",0,1,0,0,1,"Likely",45.0771,-64.49605
"1635","Hamilton","Ontario","2250","3500","39.5",1,0,0,0,0,"Very likely",43.25011,-79.84963
"1641","Montréal-Ouest","Quebec","750","1500","69.5",1,1,0,0,0,"Very likely",45.45286,-73.64918
"1642","Toronto","Ontario","4000","3500","59.5",1,1,0,0,0,"Likely",43.70011,-79.4163
"1654","Moncton","New Brunswick","NA","1000","69.5",1,1,0,0,1,"Very likely",46.09454,-64.7965
"1655","Toronto","Ontario","750","1000","21",1,1,1,1,1,"Very likely",43.70011,-79.4163
"1663","Toronto","Ontario","750","1500","29.5",1,1,1,1,1,"Likely",43.70011,-79.4163
"1667","London","Ontario","2250","3500","59.5",0,1,0,0,0,"Very likely",42.98339,-81.23304
"1674","Burlington","Ontario","4000","3500","49.5",1,1,0,0,1,"Likely",43.38621,-79.83713
"1679","North Vancouver","British Columbia","7500","3500","59.5",0,0,0,0,1,"Likely",49.31636,-123.06934
"1683","Parksville","British Columbia","750","1000","39.5",1,0,1,0,0,"Likely",49.31947,-124.31575
"1684","Acton Vale","Quebec","750","1500","29.5",1,1,1,0,0,"Likely",45.65007,-72.56582
"1685","London","Ontario","2250","1500","59.5",1,1,0,0,0,"Very likely",42.98339,-81.23304
"1689","Halifax","Nova Scotia","2250","1500","59.5",0,1,0,0,0,"Very likely",44.64533,-63.57239
"1693","Revelstoke","British Columbia","2250","3500","49.5",1,0,0,0,0,"Likely",50.98317,-118.2023
"1701","Barrie","Ontario","4000","3500","59.5",0,0,0,1,0,"Likely",44.40011,-79.66634
"1703","Ottawa","Ontario","4000","1500","39.5",1,1,0,0,1,"Very likely",45.41117,-75.69812
"1704","Montréal-Ouest","Quebec","750","1500","29.5",1,1,1,0,1,"Likely",45.45286,-73.64918
"1706","Toronto","Ontario","2250","1500","49.5",1,1,0,0,1,"Likely",43.70011,-79.4163
"1707","Abbotsford","British Columbia","7500","3500","39.5",1,0,0,0,0,"Very likely",49.05798,-122.25257
"1708","Nanaimo","British Columbia","7500","7500","49.5",1,1,1,1,1,"Likely",49.16638,-123.94003
"1711","North Vancouver","British Columbia","4000","1500","49.5",1,1,0,0,1,"Likely",49.31636,-123.06934
"1715","Ladysmith","British Columbia","2250","3500","69.5",1,1,0,0,0,"Very likely",48.99016,-123.81699
"1724","London","Ontario","4000","1000","21",0,1,0,1,0,"Very likely",42.98339,-81.23304
"1726","Regina","Saskatchewan","4000","1000","29.5",1,1,0,0,0,"Very likely",50.45008,-104.6178
"1727","Calgary","Alberta","750","1500","29.5",1,1,0,1,0,"Likely",51.05011,-114.08529
"1741","Kingston","Ontario","4000","3500","59.5",1,1,0,1,1,"Likely",44.22976,-76.48098
"1743","Toronto","Ontario","4000","3500","59.5",1,1,0,0,0,"Likely",43.70011,-79.4163
"1747","Toronto","Ontario","750","1500","49.5",1,1,0,0,1,"Likely",43.70011,-79.4163
"1754","North Vancouver","British Columbia","2250","1500","59.5",1,1,0,0,1,"Likely",49.31636,-123.06934
"1756","Saskatoon","Saskatchewan","4000","3500","49.5",1,1,0,0,0,"Likely",52.11679,-106.63452
"1761","Toronto","Ontario","4000","3500","49.5",1,0,0,0,0,"Very likely",43.70011,-79.4163
"1765","Toronto","Ontario","2250","1500","49.5",1,1,0,0,0,"Very likely",43.70011,-79.4163
"1770","Regina","Saskatchewan","750","3500","49.5",1,0,0,0,0,"Likely",50.45008,-104.6178
"1771","Fredericton","New Brunswick","2250","3500","59.5",0,1,0,0,0,"Very likely",45.94541,-66.66558
"1772","Toronto","Ontario","750","1000","29.5",1,1,0,0,0,"Likely",43.70011,-79.4163
"1773","Toronto","Ontario","750","1000","29.5",1,1,1,0,0,"Likely",43.70011,-79.4163
"1775","Toronto","Ontario","750","1000","69.5",1,0,0,0,0,"Likely",43.70011,-79.4163
"1776","Calgary","Alberta","4000","1500","69.5",1,1,0,0,0,"Very likely",51.05011,-114.08529
"1785","Edmonton","Alberta","7500","10000","69.5",1,1,0,0,0,"Very likely",53.55014,-113.46871
"1791","Calgary","Alberta","2250","1500","59.5",1,1,0,0,0,"Very likely",51.05011,-114.08529
"1794","North Vancouver","British Columbia","750","3500","69.5",1,1,1,0,0,"Likely",49.31636,-123.06934
"1795","Burlington","Ontario","2250","1500","49.5",0,1,0,0,0,"Likely",43.38621,-79.83713
"1797","Calgary","Alberta","4000","3500","59.5",1,0,0,0,0,"Very likely",51.05011,-114.08529
"1798","Toronto","Ontario","2250","1500","49.5",1,1,0,0,1,"Likely",43.70011,-79.4163
"1799","Sechelt","British Columbia","2250","3500","49.5",1,0,0,0,0,"Likely",49.47512,-123.75903
"1801","Toronto","Ontario","750","1000","49.5",0,1,0,1,0,"Likely",43.70011,-79.4163
"1802","St. Albert","Alberta","750","1500","49.5",1,0,0,0,0,"Very likely",53.63344,-113.63533
"1805","Montréal-Ouest","Quebec","4000","3500","49.5",0,1,0,0,1,"Very likely",45.45286,-73.64918
"1807","Richmond Hill","Ontario","750","1500","NA",0,1,0,0,0,"Very likely",43.87111,-79.43725
"1809","Winnipeg","Manitoba","NA","3500","49.5",1,1,0,0,1,"",49.8844,-97.14704
"1811","Duncan","British Columbia","2250","1500","29.5",1,1,1,0,0,"Very likely",48.78293,-123.70266
"1813","Toronto","Ontario","4000","3500","39.5",1,0,0,0,0,"Very likely",43.70011,-79.4163
"1814","Prince Albert","Saskatchewan","4000","1500","39.5",0,1,0,0,0,"Likely",53.20008,-105.76772
"1815","Brantford","Ontario","4000","1500","59.5",0,1,0,0,0,"Very likely",43.1334,-80.26636
"1818","Toronto","Ontario","4000","3500","59.5",1,0,0,0,0,"Likely",43.70011,-79.4163
"1822","Regina","Saskatchewan","2250","1500","39.5",1,1,0,0,1,"Likely",50.45008,-104.6178
"1824","Toronto","Ontario","2250","3500","49.5",0,1,0,0,0,"Likely",43.70011,-79.4163
"1831","Calgary","Alberta","750","3500","59.5",1,0,0,0,0,"Likely",51.05011,-114.08529
"1836","Oshawa","Ontario","2250","1500","29.5",1,1,1,1,1,"Very likely",43.90012,-78.84957
"1837","Toronto","Ontario","4000","3500","39.5",1,1,1,1,0,"Very likely",43.70011,-79.4163
"1842","Saskatoon","Saskatchewan","2250","3500","29.5",1,1,1,0,1,"Very likely",52.11679,-106.63452
"1843","Toronto","Ontario","2250","1500","75",1,0,0,1,0,"Likely",43.70011,-79.4163
"1844","North Vancouver","British Columbia","4000","3500","59.5",1,1,0,0,0,"Very likely",49.31636,-123.06934
"1850","Regina","Saskatchewan","7500","3500","39.5",1,1,0,1,0,"Very likely",50.45008,-104.6178
"1851","Edmonton","Alberta","750","3500","29.5",1,1,0,0,0,"Very likely",53.55014,-113.46871
"1855","Halifax","Nova Scotia","750","1000","39.5",1,1,1,0,0,"Likely",44.64533,-63.57239
"1859","Ottawa","Ontario","2250","1500","39.5",1,0,0,0,0,"Likely",45.41117,-75.69812
"1861","Edmonton","Alberta","2250","1500","49.5",1,1,0,0,0,"Likely",53.55014,-113.46871
"1865","Markham","Ontario","4000","1000","69.5",0,1,0,0,0,"Very likely",43.86682,-79.2663
"1868","Montréal-Ouest","Quebec","2250","3500","39.5",1,1,1,1,1,"Likely",45.45286,-73.64918
"1872","Moncton","New Brunswick","750","1500","39.5",1,0,0,0,0,"Likely",46.09454,-64.7965
"1873","Barrie","Ontario","7500","3500","49.5",1,0,0,0,0,"Very likely",44.40011,-79.66634
"1875","Richmond","British Columbia","750","10000","21",1,1,1,0,0,"Very likely",49.17003,-123.13683
"1876","North Vancouver","British Columbia","4000","3500","49.5",0,1,0,0,0,"Very likely",49.31636,-123.06934
"1877","White Rock","British Columbia","2250","1500","39.5",1,1,0,0,0,"Likely",49.01636,-122.8026
"1878","Abbotsford","British Columbia","750","1500","39.5",1,1,0,0,1,"Very likely",49.05798,-122.25257
"1881","Canmore","Alberta","2250","1500","49.5",1,1,1,0,1,"Likely",51.08335,-115.35206
"1891","Edmonton","Alberta","7500","3500","49.5",1,1,0,0,1,"Very likely",53.55014,-113.46871
"1892","Toronto","Ontario","750","1000","59.5",0,0,0,0,1,"Likely",43.70011,-79.4163
"1893","Montréal-Ouest","Quebec","750","1500","39.5",0,1,1,0,1,"Very likely",45.45286,-73.64918
"1895","Hamilton","Ontario","2250","1000","21",1,1,1,0,0,"Very likely",43.25011,-79.84963
"1896","Toronto","Ontario","2250","3500","59.5",1,1,0,0,1,"Likely",43.70011,-79.4163
"1902","Calgary","Alberta","2250","1500","29.5",0,1,0,0,0,"Very likely",51.05011,-114.08529
"1903","Calgary","Alberta","2250","1500","59.5",1,0,0,0,1,"Very likely",51.05011,-114.08529
"1907","Sainte-Catherine","Quebec","2250","3500","29.5",1,1,1,1,1,"Likely",46.31836,-72.56632
"1909","Toronto","Ontario","4000","3500","39.5",1,1,1,1,0,"Likely",43.70011,-79.4163
"1910","North Vancouver","British Columbia","7500","1500","39.5",1,1,0,0,0,"Very likely",49.31636,-123.06934
"1911","Edmonton","Alberta","7500","3500","69.5",1,0,0,1,1,"Likely",53.55014,-113.46871
"1919","Cobourg","Ontario","7500","3500","29.5",1,1,1,0,0,"Very likely",43.95977,-78.16515
"1920","Toronto","Ontario","750","1000","29.5",1,1,1,0,0,"Likely",43.70011,-79.4163
"1927","Richmond Hill","Ontario","2250","1500","49.5",1,0,0,0,0,"Likely",43.87111,-79.43725
"1930","Calgary","Alberta","2250","3500","29.5",1,1,0,0,0,"Likely",51.05011,-114.08529
"1932","Toronto","Ontario","4000","1500","29.5",1,1,0,0,0,"Very likely",43.70011,-79.4163
"1935","Edmonton","Alberta","750","1500","29.5",1,0,0,1,0,"Very likely",53.55014,-113.46871
"1938","Toronto","Ontario","2250","3500","29.5",1,1,1,0,0,"Very likely",43.70011,-79.4163
"1942","Toronto","Ontario","2250","3500","29.5",0,1,0,0,0,"Very likely",43.70011,-79.4163
"1943","North Vancouver","British Columbia","7500","1500","39.5",1,0,0,0,0,"Very likely",49.31636,-123.06934
"1944","Toronto","Ontario","2250","1500","21",1,1,0,0,0,"Likely",43.70011,-79.4163
"1947","Montréal-Ouest","Quebec","2250","3500","49.5",1,0,0,0,0,"Very likely",45.45286,-73.64918
"1952","Edmonton","Alberta","7500","NA","49.5",1,1,0,0,0,"Very likely",53.55014,-113.46871
"1954","North Vancouver","British Columbia","2250","1500","59.5",1,0,0,0,0,"Very likely",49.31636,-123.06934
"1961","Edmonton","Alberta","750","1000","21",1,1,0,1,0,"Likely",53.55014,-113.46871
"1963","Toronto","Ontario","4000","3500","49.5",0,1,0,0,0,"Very likely",43.70011,-79.4163
"1972","Hamilton","Ontario","7500","3500","49.5",1,1,1,0,1,"Very likely",43.25011,-79.84963
"1980","St. John's","Newfoundland and Labrador","750","3500","39.5",1,0,0,0,0,"Likely",47.56494,-52.70931
"1981","Toronto","Ontario","750","1000","59.5",1,0,0,0,0,"Very likely",43.70011,-79.4163
"1984","St. John's","Newfoundland and Labrador","4000","3500","49.5",1,1,0,0,0,"Likely",47.56494,-52.70931
"1990","Halifax","Nova Scotia","2250","1500","39.5",1,0,0,0,0,"Very likely",44.64533,-63.57239
"1992","Edmonton","Alberta","2250","1500","39.5",1,1,0,0,0,"Likely",53.55014,-113.46871
"1997","Lethbridge","Alberta","4000","1000","49.5",0,1,1,0,1,"Very likely",49.69999,-112.81856
"1998","Toronto","Ontario","7500","3500","21",0,0,0,0,1,"Very likely",43.70011,-79.4163
"2006","Québec","Quebec","2250","1500","59.5",1,0,0,0,1,"Likely",46.81228,-71.21454
"2008","Prince George","British Columbia","2250","1500","59.5",1,0,0,0,0,"Very likely",53.9166,-122.75301
"2009","Halifax","Nova Scotia","4000","1500","69.5",1,1,0,0,0,"Likely",44.64533,-63.57239
"2011","Cobourg","Ontario","2250","1500","39.5",1,1,1,0,0,"Likely",43.95977,-78.16515
"2022","Dauphin","Manitoba","750","1000","29.5",1,1,0,0,1,"Very likely",51.14941,-100.05023
"2024","Toronto","Ontario","2250","1000","49.5",0,1,0,1,0,"Very likely",43.70011,-79.4163
"2028","Fort Saskatchewan","Alberta","2250","1000","49.5",1,0,0,0,0,"Likely",53.71684,-113.2187
"2037","Edmonton","Alberta","2250","1500","59.5",1,0,0,0,0,"Very likely",53.55014,-113.46871
"2038","Winnipeg","Manitoba","7500","3500","59.5",0,1,0,0,0,"Likely",49.8844,-97.14704
"2039","Montréal-Ouest","Quebec","NA","NA","39.5",1,1,0,0,1,"Very likely",45.45286,-73.64918
"2040","Oakville","Ontario","2250","3500","39.5",1,1,0,0,0,"Likely",43.45011,-79.68292
"2041","Montréal-Ouest","Quebec","2250","1500","39.5",1,0,0,0,0,"Likely",45.45286,-73.64918
"2043","Laval","Quebec","4000","1500","49.5",1,1,0,1,0,"Likely",45.56995,-73.692
"2044","Toronto","Ontario","7500","3500","49.5",0,1,0,0,0,"Very likely",43.70011,-79.4163
"2045","Regina","Saskatchewan","750","3500","29.5",1,0,0,0,0,"Likely",50.45008,-104.6178
"2047","Regina","Saskatchewan","750","1000","49.5",1,1,1,0,0,"Very likely",50.45008,-104.6178
"2053","Montréal-Ouest","Quebec","750","3500","69.5",1,1,0,1,0,"Very likely",45.45286,-73.64918
"2056","North Vancouver","British Columbia","4000","1500","29.5",1,0,1,0,0,"Likely",49.31636,-123.06934
"2057","Toronto","Ontario","2250","3500","69.5",0,1,0,0,0,"Likely",43.70011,-79.4163
"2059","Peterborough","Ontario","4000","3500","59.5",0,1,0,0,0,"Likely",44.30012,-78.31623
"2062","Toronto","Ontario","2250","1500","21",1,1,1,0,1,"Likely",43.70011,-79.4163
"2064","Ottawa","Ontario","750","1000","29.5",1,1,0,0,0,"Likely",45.41117,-75.69812
"2068","Toronto","Ontario","750","1000","29.5",1,1,1,0,0,"Likely",43.70011,-79.4163
"2069","Calgary","Alberta","2250","3500","29.5",1,1,1,0,0,"Likely",51.05011,-114.08529
"2071","Fort McMurray","Alberta","4000","3500","39.5",1,1,0,0,1,"Very likely",56.72676,-111.38103
"2073","Halifax","Nova Scotia","2250","1500","29.5",1,1,0,0,1,"Very likely",44.64533,-63.57239
"2074","Windsor","Ontario","2250","1000","49.5",1,1,0,0,0,"Very likely",42.30008,-83.01654
"2081","Montréal-Ouest","Quebec","4000","1500","49.5",1,1,1,0,0,"Likely",45.45286,-73.64918
"2083","Saint John","New Brunswick","4000","3500","49.5",1,1,1,0,0,"Very likely",45.27271,-66.06766
"2086","Fredericton","New Brunswick","4000","1500","59.5",1,1,0,0,0,"Likely",45.94541,-66.66558
"2088","Calgary","Alberta","4000","7500","69.5",1,0,0,0,0,"Likely",51.05011,-114.08529
"2091","Newmarket","Ontario","2250","1000","21",1,1,0,0,0,"Very likely",44.05011,-79.46631
"2099","Saskatoon","Saskatchewan","2250","3500","29.5",1,1,0,0,1,"Likely",52.11679,-106.63452
"2104","Toronto","Ontario","750","1000","21",1,1,0,0,0,"Likely",43.70011,-79.4163
"2106","Swift Current","Saskatchewan","2250","1500","59.5",1,1,0,0,1,"Very likely",50.28337,-107.80135
"2111","Winnipeg","Manitoba","2250","1000","39.5",1,1,0,0,0,"Very likely",49.8844,-97.14704
"2115","Winnipeg","Manitoba","7500","1500","49.5",1,1,0,0,0,"Likely",49.8844,-97.14704
"2117","North Vancouver","British Columbia","750","1500","59.5",0,0,0,0,1,"Likely",49.31636,-123.06934
"2120","Richmond","British Columbia","NA","3500","69.5",1,1,0,1,1,"Likely",49.17003,-123.13683
"2124","Calgary","Alberta","4000","3500","29.5",1,1,0,0,0,"Likely",51.05011,-114.08529
"2127","Edmonton","Alberta","750","1000","49.5",0,1,0,0,0,"Very likely",53.55014,-113.46871
"2128","Toronto","Ontario","2250","1500","21",1,1,1,0,0,"Likely",43.70011,-79.4163
"2130","Kingston","Ontario","4000","3500","49.5",0,1,0,0,0,"Very likely",44.22976,-76.48098
"2135","Edmonton","Alberta","10000","7500","29.5",1,1,0,0,1,"Very likely",53.55014,-113.46871
"2136","North Vancouver","British Columbia","2250","1500","21",1,0,0,1,0,"Very likely",49.31636,-123.06934
"2137","Kamloops","British Columbia","750","1500","39.5",0,1,0,0,0,"Likely",50.66648,-120.3192
"2142","Richmond","British Columbia","750","1500","59.5",0,0,0,0,1,"",49.17003,-123.13683
"2143","Port Alberni","British Columbia","4000","3500","29.5",1,1,1,1,1,"Very likely",49.24133,-124.8028
"2149","Toronto","Ontario","2250","3500","49.5",1,1,0,0,0,"Likely",43.70011,-79.4163
"2151","Winnipeg","Manitoba","2250","3500","69.5",0,1,0,0,0,"Likely",49.8844,-97.14704
"2154","Toronto","Ontario","4000","3500","59.5",1,0,0,0,0,"Very likely",43.70011,-79.4163
"2155","Victoria","British Columbia","2250","1000","39.5",1,0,0,0,0,"Very likely",48.43294,-123.3693
"2156","North Vancouver","British Columbia","2250","1500","39.5",1,0,0,0,0,"Likely",49.31636,-123.06934
"2158","Fredericton","New Brunswick","750","1500","29.5",1,1,0,0,1,"Very likely",45.94541,-66.66558
"2161","Toronto","Ontario","4000","3500","39.5",0,1,0,0,0,"Very likely",43.70011,-79.4163
"2162","Edmonton","Alberta","7500","7500","29.5",1,1,1,0,0,"Likely",53.55014,-113.46871
"2163","St. Catharines","Ontario","2250","1500","59.5",1,1,0,0,0,"Likely",43.17126,-79.24267
"2164","Grande Prairie","Alberta","2250","1500","29.5",1,0,0,0,0,"Likely",55.16667,-118.80271
"2165","Winnipeg","Manitoba","2250","1500","21",1,1,0,0,0,"Likely",49.8844,-97.14704
"2167","Abbotsford","British Columbia","750","1000","49.5",0,1,0,0,0,"Likely",49.05798,-122.25257
"2168","Milton","Ontario","4000","3500","39.5",1,0,0,0,0,"Likely",43.51681,-79.88294
"2170","North Vancouver","British Columbia","2250","1500","29.5",1,0,0,0,0,"Very likely",49.31636,-123.06934
"2173","North Vancouver","British Columbia","2250","1000","49.5",1,1,1,0,0,"Very likely",49.31636,-123.06934
"2175","Montréal-Ouest","Quebec","4000","3500","49.5",1,0,0,0,0,"Likely",45.45286,-73.64918
"2176","North Vancouver","British Columbia","10000","7500","29.5",1,1,0,1,0,"Very likely",49.31636,-123.06934
"2177","North Vancouver","British Columbia","750","1000","59.5",0,1,0,0,1,"Likely",49.31636,-123.06934
"2182","Québec","Quebec","2250","3500","29.5",1,1,1,0,0,"Likely",46.81228,-71.21454
"2188","Toronto","Ontario","2250","3500","59.5",1,1,0,0,0,"Very likely",43.70011,-79.4163
"2189","Toronto","Ontario","2250","1500","59.5",0,0,1,0,0,"Very likely",43.70011,-79.4163
"2190","Ottawa","Ontario","4000","7500","39.5",1,1,0,1,0,"Very likely",45.41117,-75.69812
"2191","Calgary","Alberta","7500","3500","69.5",0,1,0,0,0,"Very likely",51.05011,-114.08529
"2192","North Vancouver","British Columbia","750","1500","29.5",0,1,0,0,0,"Likely",49.31636,-123.06934
"2193","Toronto","Ontario","4000","3500","49.5",1,1,0,0,0,"Very likely",43.70011,-79.4163
"2194","London","Ontario","2250","3500","49.5",0,1,0,0,0,"Likely",42.98339,-81.23304
"2195","Saint John","New Brunswick","4000","3500","49.5",1,1,0,0,0,"Very likely",45.27271,-66.06766
"2200","Toronto","Ontario","2250","1000","29.5",1,1,1,0,0,"Likely",43.70011,-79.4163
"2202","Halifax","Nova Scotia","750","1000","29.5",0,1,0,0,0,"Likely",44.64533,-63.57239
"2206","Calgary","Alberta","750","1500","29.5",1,1,0,0,0,"Very likely",51.05011,-114.08529
"2210","Pitt Meadows","British Columbia","7500","1500","39.5",1,1,1,0,0,"Likely",49.22119,-122.68965
"2212","Barrie","Ontario","7500","3500","39.5",1,1,0,0,0,"Very likely",44.40011,-79.66634
"2222","Thunder Bay","Ontario","2250","1500","49.5",1,0,1,0,0,"Very likely",48.38202,-89.25018
"2223","Toronto","Ontario","4000","3500","49.5",1,1,0,0,1,"Very likely",43.70011,-79.4163
"2233","Stratford","Ontario","750","1500","49.5",1,1,0,0,1,"Likely",43.36679,-80.94972
"2243","Toronto","Ontario","4000","3500","29.5",1,1,1,1,0,"Very likely",43.70011,-79.4163
"2246","Toronto","Ontario","750","1500","39.5",1,1,0,0,0,"Likely",43.70011,-79.4163
"2247","Toronto","Ontario","2250","1500","39.5",1,1,1,0,1,"Very likely",43.70011,-79.4163
"2248","Toronto","Ontario","750","1000","39.5",0,0,0,0,1,"Likely",43.70011,-79.4163
"2250","Brampton","Ontario","2250","3500","59.5",0,1,0,0,0,"Very likely",43.68341,-79.76633
"2251","Toronto","Ontario","4000","1500","49.5",0,0,0,0,1,"Very likely",43.70011,-79.4163
"2255","Abbotsford","British Columbia","750","3500","21",1,1,0,0,0,"Likely",49.05798,-122.25257
"2256","Toronto","Ontario","750","3500","49.5",1,0,0,0,0,"Likely",43.70011,-79.4163
"2259","Toronto","Ontario","750","1000","29.5",1,1,1,1,1,"Very likely",43.70011,-79.4163
"2260","Barrie","Ontario","4000","3500","39.5",1,0,0,0,0,"Very likely",44.40011,-79.66634
"2267","Calgary","Alberta","4000","1500","29.5",1,1,0,0,1,"Likely",51.05011,-114.08529
"2273","Edmonton","Alberta","750","1000","29.5",1,1,0,0,0,"Likely",53.55014,-113.46871
"2274","Calgary","Alberta","750","3500","69.5",0,1,0,0,0,"Likely",51.05011,-114.08529
"2276","Ottawa","Ontario","2250","3500","29.5",0,1,0,0,0,"Very likely",45.41117,-75.69812
"2278","Richmond","British Columbia","4000","3500","29.5",1,1,1,1,1,"Very likely",49.17003,-123.13683
"2283","Charlottetown","Prince Edward Island","4000","7500","39.5",0,1,0,0,0,"Likely",46.23525,-63.12671
"2287","Nanaimo","British Columbia","7500","7500","59.5",0,1,0,1,0,"Very likely",49.16638,-123.94003
"2290","Calgary","Alberta","2250","1500","49.5",1,1,0,0,0,"Likely",51.05011,-114.08529
"2292","Grand Falls-Windsor","Newfoundland and Labrador","750","1000","59.5",0,0,0,0,1,"Very likely",48.93324,-55.66492
"2298","Halifax","Nova Scotia","4000","1500","49.5",0,1,0,0,0,"Likely",44.64533,-63.57239
"2313","Toronto","Ontario","750","3500","39.5",0,1,1,0,0,"Very likely",43.70011,-79.4163
"2314","Toronto","Ontario","750","1500","29.5",1,1,1,0,0,"Very likely",43.70011,-79.4163
"2315","Brampton","Ontario","750","1500","69.5",1,1,0,0,0,"",43.68341,-79.76633
"2319","Kentville","Nova Scotia","750","1500","59.5",0,1,0,0,0,"Likely",45.0771,-64.49605
"2325","Toronto","Ontario","2250","1500","49.5",1,1,0,0,0,"Likely",43.70011,-79.4163
